{"cameraMode":{"drawMode":0,"name":"Shaded","section":"Shading Mode"},"sceneLighting":true,"audioPlay":false,"sceneViewState":{"showFog":true,"showMaterialUpdate":false,"showSkybox":true,"showFlares":true,"showImageEffects":true,"showParticleSystems":true},"in2DMode":false,"pivot":{"x":-1.377348780632019,"y":0.9583287239074707,"z":3.9518823623657228},"rotation":{"x":0.06631197035312653,"y":-0.872925341129303,"z":0.12390459328889847,"w":0.4671765863895416},"size":4.498101711273193,"orthographic":false}