{"cameraMode":{"drawMode":0,"name":"Shaded","section":"Shading Mode"},"sceneLighting":true,"audioPlay":false,"sceneViewState":{"showFog":true,"showMaterialUpdate":false,"showSkybox":true,"showFlares":true,"showImageEffects":true,"showParticleSystems":true},"in2DMode":false,"pivot":{"x":0.7591509819030762,"y":0.8353849053382874,"z":0.8113203644752502},"rotation":{"x":0.06631197035312653,"y":-0.872925341129303,"z":0.12390459328889847,"w":0.4671765863895416},"size":2.698101758956909,"orthographic":false}