{"cameraMode":{"drawMode":0,"name":"Shaded","section":"Shading Mode"},"sceneLighting":true,"audioPlay":false,"sceneViewState":{"showFog":true,"showMaterialUpdate":false,"showSkybox":true,"showFlares":true,"showImageEffects":true,"showParticleSystems":true},"in2DMode":false,"pivot":{"x":0.719750165939331,"y":0.8903820514678955,"z":0.8997974395751953},"rotation":{"x":0.028535349294543268,"y":-0.889619767665863,"z":0.05612029880285263,"w":0.45234215259552},"size":2.479767322540283,"orthographic":false}