{"cameraMode":{"drawMode":0,"name":"Shaded","section":"Shading Mode"},"sceneLighting":true,"audioPlay":false,"sceneViewState":{"showFog":true,"showMaterialUpdate":false,"showSkybox":true,"showFlares":true,"showImageEffects":true,"showParticleSystems":true},"in2DMode":false,"pivot":{"x":-0.2939128875732422,"y":20.087631225585939,"z":-244.8033905029297},"rotation":{"x":0.06654999405145645,"y":0.005387989338487387,"z":-0.0003601491916924715,"w":0.9977725148200989},"size":29.480377197265626,"orthographic":true}