{"cameraMode":{"drawMode":0,"name":"Shaded","section":"Shading Mode"},"sceneLighting":true,"audioPlay":false,"sceneViewState":{"showFog":true,"showMaterialUpdate":false,"showSkybox":true,"showFlares":true,"showImageEffects":true,"showParticleSystems":true},"in2DMode":false,"pivot":{"x":0.31808924674987795,"y":0.39375364780426028,"z":-0.8788455128669739},"rotation":{"x":0.09574438631534577,"y":0.4319629669189453,"z":-0.04617881029844284,"w":0.8956067562103272},"size":12.413786888122559,"orthographic":true}