{"cameraMode":{"drawMode":0,"name":"Shaded","section":"Shading Mode"},"sceneLighting":true,"audioPlay":false,"sceneViewState":{"showFog":true,"showMaterialUpdate":false,"showSkybox":true,"showFlares":true,"showImageEffects":true,"showParticleSystems":true},"in2DMode":false,"pivot":{"x":0.04130859300494194,"y":-1.6028531789779664,"z":-0.5653119683265686},"rotation":{"x":0.0987137109041214,"y":0.4264424443244934,"z":-0.04688301682472229,"w":0.8978893160820007},"size":6.954566955566406,"orthographic":true}